Theme,Stocks,Week_Before_Fiedler,Last_Week_Fiedler,Change,Pct_Change
철도,47,17.73364312816189,24.951133396512148,7.217490268350257,40.6994220882258
반도체 장비,97,46.36029261333343,52.05357771735479,5.693285104021364,12.280520210487088
